{
  "swagger": "2.0",
  "info": {
    "title": "Team Interests API",
    "description": "This API allows users to view and manage interests. Some routes (POST, PUT, DELETE) are protected and require OAuth authentication.",
    "version": "1.0.0"
  },
  "host": "team-interests.onrender.com",
  "basePath": "/",
  "schemes": [
    "https"
  ],
  "securityDefinitions": {
    "OAuth2": {
      "type": "oauth2",
      "flow": "implicit",
      "authorizationUrl": "https://github.com/login/oauth/authorize",
      "scopes": {
        "read": "Grants read access",
        "write": "Grants write access"
      }
    }
  },
  "consumes": [
    "application/json"
  ],
  "produces": [
    "application/json"
  ],
  "paths": {
    "/github/callback": {
      "get": {
        "description": "",
        "responses": {
          "default": {
            "description": ""
          }
        }
      }
    },
    "/login": {
      "get": {
        "description": "",
        "responses": {
          "default": {
            "description": ""
          }
        }
      }
    },
    "/logout": {
      "get": {
        "description": "",
        "responses": {
          "default": {
            "description": ""
          }
        }
      }
    },
    "/status": {
      "get": {
        "description": "",
        "responses": {
          "200": {
            "description": "OK"
          }
        }
      }
    },
    "/": {
      "get": {
        "tags": [
          "ProgrammingLanguages"
        ],
        "summary": "Gets all programming languages.",
        "description": "",
        "responses": {
          "200": {
            "description": "OK",
            "schema": {
              "type": "array",
              "items": {
                "type": "object",
                "properties": {
                  "_id": {
                    "type": "string",
                    "example": "60d21b4667d0d8992e610c85"
                  },
                  "title": {
                    "type": "string",
                    "example": "Sample Book"
                  },
                  "author": {
                    "type": "string",
                    "example": "Author Name"
                  },
                  "year": {
                    "type": "number",
                    "example": 1999
                  }
                }
              },
              "xml": {
                "name": "main"
              }
            }
          },
          "404": {
            "description": "Not Found"
          },
          "500": {
            "description": "Internal Server Error"
          },
          "default": {
            "description": ""
          }
        }
      },
      "post": {
        "tags": [
          "ProgrammingLanguages"
        ],
        "summary": "Creates a new programming language.",
        "description": "",
        "parameters": [
          {
            "name": "body",
            "in": "body",
            "schema": {
              "type": "object",
              "properties": {
                "name": {
                  "example": "any"
                },
                "paradigm": {
                  "example": "any"
                },
                "firstAppeared": {
                  "example": "any"
                },
                "creator": {
                  "example": "any"
                },
                "website": {
                  "example": "any"
                },
                "description": {
                  "example": "any"
                }
              }
            }
          }
        ],
        "responses": {
          "201": {
            "description": "Created"
          },
          "400": {
            "description": "Bad Request"
          },
          "401": {
            "description": "Unauthorized — requires authentication"
          },
          "409": {
            "description": "Conflict"
          },
          "481": {
            "description": ""
          },
          "500": {
            "description": "Internal Server Error"
          }
        }
      }
    },
    "/users/": {
      "get": {
        "description": "",
        "responses": {
          "default": {
            "description": ""
          }
        }
      }
    },
    "/users/{username}": {
      "get": {
        "description": "",
        "parameters": [
          {
            "name": "username",
            "in": "path",
            "required": true,
            "type": "string"
          }
        ],
        "responses": {
          "default": {
            "description": ""
          }
        }
      }
    },
    "/recipes/": {
      "get": {
        "tags": [
          "Recipes"
        ],
        "summary": "Gets all recipes.",
        "description": "",
        "responses": {
          "200": {
            "description": "List of all recipes"
          },
          "500": {
            "description": "Internal Server Error"
          }
        }
      },
      "post": {
        "tags": [
          "Recipes"
        ],
        "summary": "Creates a new recipe.",
        "description": "",
        "produces": [
          "application/json"
        ],
        "parameters": [
          {
            "name": "recipe",
            "in": "body",
            "description": "The recipe to create.",
            "schema": {
              "type": "object",
              "properties": {}
            }
          }
        ],
        "responses": {
          "201": {
            "description": "Created"
          },
          "400": {
            "description": "Bad Request"
          },
          "481": {
            "description": ""
          },
          "500": {
            "description": "Internal Server Error"
          }
        }
      }
    },
    "/recipes/{id}": {
      "get": {
        "tags": [
          "Recipes"
        ],
        "summary": "Gets a recipe by ID.",
        "description": "",
        "produces": [
          "application/json"
        ],
        "parameters": [
          {
            "name": "id",
            "in": "path",
            "required": true,
            "type": "string",
            "description": "The ID of the recipe to retrieve."
          }
        ],
        "responses": {
          "200": {
            "description": "OK"
          },
          "400": {
            "description": "Bad Request"
          },
          "500": {
            "description": "Internal Server Error"
          }
        }
      },
      "put": {
        "tags": [
          "Recipes"
        ],
        "summary": "Updates a recipe by ID.",
        "description": "Updates fields in the recipe. The ingredients and instructions will need the complete list in order to be updated correctly.",
        "produces": [
          "application/json"
        ],
        "parameters": [
          {
            "name": "id",
            "in": "path",
            "required": true,
            "type": "string",
            "description": "The ID of the recipe to update."
          },
          {
            "name": "recipe",
            "in": "body",
            "description": "The recipe data to update.",
            "schema": {
              "type": "object",
              "properties": {}
            }
          }
        ],
        "responses": {
          "200": {
            "description": "OK"
          },
          "400": {
            "description": "Bad Request"
          },
          "481": {
            "description": ""
          },
          "500": {
            "description": "Internal Server Error"
          }
        }
      },
      "delete": {
        "tags": [
          "Recipes"
        ],
        "summary": "Deletes a recipe by ID.",
        "description": "",
        "produces": [
          "application/json"
        ],
        "parameters": [
          {
            "name": "id",
            "in": "path",
            "required": true,
            "type": "string",
            "description": "The ID of the recipe to delete."
          }
        ],
        "responses": {
          "200": {
            "description": "OK"
          },
          "400": {
            "description": "Bad Request"
          },
          "481": {
            "description": ""
          },
          "500": {
            "description": "Internal Server Error"
          }
        }
      }
    },
    "/recipes/name/{recipeName}": {
      "get": {
        "tags": [
          "Recipes"
        ],
        "summary": "Gets all recipes to match Name.",
        "description": "",
        "produces": [
          "application/json"
        ],
        "parameters": [
          {
            "name": "recipeName",
            "in": "path",
            "required": true,
            "type": "string",
            "description": "The name of the recipes to retrieve."
          }
        ],
        "responses": {
          "200": {
            "description": "OK"
          },
          "400": {
            "description": "Bad Request"
          },
          "500": {
            "description": "Internal Server Error"
          }
        }
      }
    },
    "/movies/": {
      "get": {
        "tags": [
          "Movies"
        ],
        "summary": "Gets all movies.",
        "description": "",
        "responses": {
          "200": {
            "description": "OK"
          },
          "404": {
            "description": "Not Found"
          },
          "500": {
            "description": "Internal Server Error"
          }
        }
      },
      "post": {
        "tags": [
          "Movies"
        ],
        "summary": "Creates a new movie.",
        "description": "",
        "parameters": [
          {
            "name": "body",
            "in": "body",
            "schema": {
              "type": "object",
              "properties": {
                "title": {
                  "example": "any"
                },
                "director": {
                  "example": "any"
                },
                "language": {
                  "example": "any"
                },
                "year": {
                  "example": "any"
                },
                "genre": {
                  "example": "any"
                },
                "synopsis": {
                  "example": "any"
                }
              }
            }
          }
        ],
        "responses": {
          "201": {
            "description": "Created"
          },
          "400": {
            "description": "Bad Request"
          },
          "409": {
            "description": "Conflict"
          },
          "481": {
            "description": ""
          },
          "500": {
            "description": "Internal Server Error"
          }
        }
      }
    },
    "/movies/{id}": {
      "get": {
        "tags": [
          "Movies"
        ],
        "summary": "Gets a movie by ID.",
        "description": "",
        "parameters": [
          {
            "name": "id",
            "in": "path",
            "required": true,
            "type": "string"
          }
        ],
        "responses": {
          "200": {
            "description": "OK"
          },
          "400": {
            "description": "Bad Request"
          },
          "404": {
            "description": "Not Found"
          },
          "500": {
            "description": "Internal Server Error"
          }
        }
      },
      "put": {
        "tags": [
          "Movies"
        ],
        "summary": "Updates a movie by ID.",
        "description": "",
        "parameters": [
          {
            "name": "id",
            "in": "path",
            "required": true,
            "type": "string"
          },
          {
            "name": "body",
            "in": "body",
            "schema": {
              "type": "object",
              "properties": {
                "title": {
                  "example": "any"
                },
                "director": {
                  "example": "any"
                },
                "language": {
                  "example": "any"
                },
                "year": {
                  "example": "any"
                },
                "genre": {
                  "example": "any"
                },
                "synopsis": {
                  "example": "any"
                }
              }
            }
          }
        ],
        "responses": {
          "200": {
            "description": "OK"
          },
          "400": {
            "description": "Bad Request"
          },
          "404": {
            "description": "Not Found"
          },
          "409": {
            "description": "Conflict"
          },
          "481": {
            "description": ""
          },
          "500": {
            "description": "Internal Server Error"
          }
        }
      },
      "delete": {
        "tags": [
          "Movies"
        ],
        "summary": "Deletes a movie by ID.",
        "description": "",
        "parameters": [
          {
            "name": "id",
            "in": "path",
            "required": true,
            "type": "string"
          }
        ],
        "responses": {
          "204": {
            "description": "No Content"
          },
          "400": {
            "description": "Bad Request"
          },
          "404": {
            "description": "Not Found"
          },
          "481": {
            "description": ""
          },
          "500": {
            "description": "Internal Server Error"
          }
        }
      }
    },
    "/speakers/": {
      "get": {
        "tags": [
          "Speakers"
        ],
        "summary": "Gets all speakers.",
        "description": "",
        "responses": {
          "200": {
            "description": "OK"
          },
          "404": {
            "description": "Not Found"
          },
          "500": {
            "description": "Internal Server Error"
          }
        }
      },
      "post": {
        "tags": [
          "Speakers"
        ],
        "summary": "Creates a new speaker.",
        "description": "",
        "parameters": [
          {
            "name": "body",
            "in": "body",
            "schema": {
              "type": "object",
              "properties": {
                "firstName": {
                  "example": "any"
                },
                "lastName": {
                  "example": "any"
                },
                "age": {
                  "example": "any"
                },
                "birthYear": {
                  "example": "any"
                },
                "quote": {
                  "example": "any"
                }
              }
            }
          }
        ],
        "responses": {
          "201": {
            "description": "Created"
          },
          "400": {
            "description": "Bad Request"
          },
          "481": {
            "description": ""
          },
          "500": {
            "description": "Internal Server Error"
          }
        }
      }
    },
    "/speakers/{id}": {
      "get": {
        "tags": [
          "Speakers"
        ],
        "summary": "Gets a speaker by ID.",
        "description": "",
        "parameters": [
          {
            "name": "id",
            "in": "path",
            "required": true,
            "type": "string"
          }
        ],
        "responses": {
          "200": {
            "description": "OK"
          },
          "400": {
            "description": "Bad Request"
          },
          "404": {
            "description": "Not Found"
          },
          "500": {
            "description": "Internal Server Error"
          }
        }
      },
      "put": {
        "tags": [
          "Speakers"
        ],
        "summary": "Updates a speaker by ID.",
        "description": "",
        "parameters": [
          {
            "name": "id",
            "in": "path",
            "required": true,
            "type": "string"
          },
          {
            "name": "body",
            "in": "body",
            "schema": {
              "type": "object",
              "properties": {
                "firstName": {
                  "example": "any"
                },
                "lastName": {
                  "example": "any"
                },
                "age": {
                  "example": "any"
                },
                "birthYear": {
                  "example": "any"
                },
                "quote": {
                  "example": "any"
                }
              }
            }
          }
        ],
        "responses": {
          "200": {
            "description": "OK"
          },
          "400": {
            "description": "Bad Request"
          },
          "404": {
            "description": "Not Found"
          },
          "481": {
            "description": ""
          },
          "500": {
            "description": "Internal Server Error"
          }
        }
      },
      "delete": {
        "tags": [
          "Speakers"
        ],
        "summary": "Deletes a speaker by ID.",
        "description": "",
        "parameters": [
          {
            "name": "id",
            "in": "path",
            "required": true,
            "type": "string"
          }
        ],
        "responses": {
          "200": {
            "description": "OK"
          },
          "400": {
            "description": "Bad Request"
          },
          "404": {
            "description": "Not Found"
          },
          "481": {
            "description": ""
          },
          "500": {
            "description": "Internal Server Error"
          }
        }
      }
    },
    "/favoritebooks/": {
      "get": {
        "tags": [
          "FavoriteBooks"
        ],
        "description": "Get a list of all favorite books",
        "responses": {
          "200": {
            "description": "Favorite books retrieved successfully",
            "schema": {
              "type": "array",
              "items": {
                "type": "object",
                "properties": {
                  "_id": {
                    "type": "string",
                    "example": "60d21b4667d0d8992e610c85"
                  },
                  "title": {
                    "type": "string",
                    "example": "Sample Book"
                  },
                  "author": {
                    "type": "string",
                    "example": "Author Name"
                  },
                  "year": {
                    "type": "number",
                    "example": 1999
                  }
                }
              },
              "xml": {
                "name": "main"
              }
            }
          },
          "500": {
            "description": "Server error"
          }
        }
      },
      "post": {
        "tags": [
          "FavoriteBooks"
        ],
        "description": "Add a new favorite book (Protected: requires OAuth login)",
        "parameters": [
          {
            "name": "body",
            "in": "body",
            "required": true,
            "schema": {
              "type": "object",
              "properties": {
                "title": {
                  "type": "string",
                  "example": "The Pragmatic Programmer"
                },
                "author": {
                  "type": "string",
                  "example": "Andrew Hunt"
                },
                "year": {
                  "type": "number",
                  "example": 1999
                }
              },
              "required": [
                "title",
                "author",
                "year"
              ]
            }
          }
        ],
        "responses": {
          "201": {
            "description": "Book created successfully"
          },
          "400": {
            "description": "Validation error"
          },
          "401": {
            "description": "Unauthorized — requires authentication"
          },
          "481": {
            "description": ""
          }
        },
        "security": [
          {
            "OAuth2": []
          }
        ]
      }
    },
    "/favoritebooks/{bookId}": {
      "get": {
        "tags": [
          "FavoriteBooks"
        ],
        "description": "Get a favorite book by ID",
        "parameters": [
          {
            "name": "bookId",
            "in": "path",
            "required": true,
            "type": "string",
            "description": "Favorite Book ID"
          }
        ],
        "responses": {
          "200": {
            "description": "Favorite book retrieved successfully",
            "schema": {
              "$ref": "#/definitions/FavoriteBook"
            }
          },
          "400": {
            "description": "Invalid book ID format"
          },
          "404": {
            "description": "Book not found"
          }
        }
      },
      "put": {
        "tags": [
          "FavoriteBooks"
        ],
        "description": "Update an existing favorite book (Protected: requires OAuth login)",
        "parameters": [
          {
            "name": "bookId",
            "in": "path",
            "required": true,
            "type": "string",
            "description": "Favorite Book ID"
          },
          {
            "name": "body",
            "in": "body",
            "required": true,
            "schema": {
              "type": "object",
              "properties": {
                "title": {
                  "type": "string",
                  "example": "Updated Title"
                },
                "author": {
                  "type": "string",
                  "example": "Updated Author"
                },
                "year": {
                  "type": "number",
                  "example": 2022
                }
              }
            }
          }
        ],
        "responses": {
          "200": {
            "description": "Book updated successfully"
          },
          "400": {
            "description": "Validation error or bad ID"
          },
          "401": {
            "description": "Unauthorized — requires authentication"
          },
          "404": {
            "description": "Book not found"
          },
          "481": {
            "description": ""
          }
        },
        "security": [
          {
            "OAuth2": []
          }
        ]
      },
      "delete": {
        "tags": [
          "FavoriteBooks"
        ],
        "description": "Delete a favorite book by ID (Protected: requires OAuth login)",
        "parameters": [
          {
            "name": "bookId",
            "in": "path",
            "required": true,
            "type": "string",
            "description": "Favorite Book ID"
          }
        ],
        "responses": {
          "200": {
            "description": "Book deleted successfully"
          },
          "400": {
            "description": "Invalid ID format"
          },
          "401": {
            "description": "Unauthorized — requires authentication"
          },
          "404": {
            "description": "Book not found"
          },
          "481": {
            "description": ""
          }
        },
        "security": [
          {
            "OAuth2": []
          }
        ]
      }
    },
    "/favoritebooks/createWithArray": {
      "post": {
        "tags": [
          "FavoriteBooks"
        ],
        "description": "Add multiple favorite books at once (Protected: requires OAuth login)",
        "parameters": [
          {
            "name": "body",
            "in": "body",
            "required": true,
            "schema": {
              "type": "array",
              "items": {
                "type": "object",
                "properties": {
                  "title": {
                    "type": "string",
                    "example": "Book 2"
                  },
                  "author": {
                    "type": "string",
                    "example": "Author 2"
                  },
                  "year": {
                    "type": "number",
                    "example": 2021
                  }
                }
              }
            }
          }
        ],
        "responses": {
          "201": {
            "description": "Books created successfully"
          },
          "400": {
            "description": "Validation error"
          },
          "401": {
            "description": "Unauthorized — requires authentication"
          },
          "481": {
            "description": ""
          }
        },
        "security": [
          {
            "OAuth2": []
          }
        ]
      }
    },
    "/scriptures/": {
      "get": {
        "tags": [
          "Scriptures"
        ],
        "summary": "Gets the list of scriptures",
        "description": "",
        "responses": {
          "200": {
            "description": "OK"
          },
          "500": {
            "description": "Internal Server Error"
          }
        }
      },
      "post": {
        "tags": [
          "Scriptures"
        ],
        "summary": "Creates a scripture",
        "description": "",
        "parameters": [
          {
            "name": "body",
            "in": "body",
            "schema": {
              "type": "object",
              "properties": {
                "book": {
                  "example": "any"
                },
                "chapter": {
                  "example": "any"
                },
                "verse": {
                  "example": "any"
                },
                "text": {
                  "example": "any"
                }
              }
            }
          }
        ],
        "responses": {
          "201": {
            "description": "Created"
          },
          "400": {
            "description": "Bad Request"
          },
          "481": {
            "description": ""
          },
          "500": {
            "description": "Internal Server Error"
          }
        }
      }
    },
    "/scriptures/{id}": {
      "get": {
        "tags": [
          "Scriptures"
        ],
        "summary": "Gets a scripture by ID",
        "description": "",
        "parameters": [
          {
            "name": "id",
            "in": "path",
            "required": true,
            "type": "string"
          }
        ],
        "responses": {
          "200": {
            "description": "OK"
          },
          "400": {
            "description": "Bad Request"
          },
          "404": {
            "description": "Not Found"
          },
          "500": {
            "description": "Internal Server Error"
          }
        }
      },
      "put": {
        "tags": [
          "Scriptures"
        ],
        "summary": "Updates a scripture",
        "description": "",
        "parameters": [
          {
            "name": "id",
            "in": "path",
            "required": true,
            "type": "string"
          },
          {
            "name": "body",
            "in": "body",
            "schema": {
              "type": "object",
              "properties": {
                "book": {
                  "example": "any"
                },
                "chapter": {
                  "example": "any"
                },
                "verse": {
                  "example": "any"
                },
                "text": {
                  "example": "any"
                }
              }
            }
          }
        ],
        "responses": {
          "204": {
            "description": "No Content"
          },
          "400": {
            "description": "Bad Request"
          },
          "404": {
            "description": "Not Found"
          },
          "481": {
            "description": ""
          },
          "500": {
            "description": "Internal Server Error"
          }
        }
      },
      "delete": {
        "tags": [
          "Scriptures"
        ],
        "summary": "Deletes a scripture",
        "description": "",
        "parameters": [
          {
            "name": "id",
            "in": "path",
            "required": true,
            "type": "string"
          }
        ],
        "responses": {
          "200": {
            "description": "OK"
          },
          "400": {
            "description": "Bad Request"
          },
          "404": {
            "description": "Not Found"
          },
          "481": {
            "description": ""
          },
          "500": {
            "description": "Internal Server Error"
          }
        }
      }
    },
    "/{username}": {
      "get": {
        "description": "",
        "parameters": [
          {
            "name": "username",
            "in": "path",
            "required": true,
            "type": "string"
          }
        ],
        "responses": {
          "default": {
            "description": ""
          }
        }
      }
    },
    "/{id}": {
      "get": {
        "tags": [
          "ProgrammingLanguages"
        ],
        "summary": "Gets a programming language by ID.",
        "description": "",
        "parameters": [
          {
            "name": "id",
            "in": "path",
            "required": true,
            "type": "string"
          }
        ],
        "responses": {
          "200": {
            "description": "OK"
          },
          "400": {
            "description": "Bad Request"
          },
          "404": {
            "description": "Not Found"
          },
          "500": {
            "description": "Internal Server Error"
          }
        }
      },
      "put": {
        "tags": [
          "ProgrammingLanguages"
        ],
        "summary": "Updates a programming language by ID.",
        "description": "",
        "parameters": [
          {
            "name": "id",
            "in": "path",
            "required": true,
            "type": "string"
          },
          {
            "name": "body",
            "in": "body",
            "schema": {
              "type": "object",
              "properties": {
                "name": {
                  "example": "any"
                },
                "paradigm": {
                  "example": "any"
                },
                "firstAppeared": {
                  "example": "any"
                },
                "creator": {
                  "example": "any"
                },
                "website": {
                  "example": "any"
                },
                "description": {
                  "example": "any"
                }
              }
            }
          }
        ],
        "responses": {
          "200": {
            "description": "OK"
          },
          "204": {
            "description": "No Content"
          },
          "400": {
            "description": "Bad Request"
          },
          "404": {
            "description": "Not Found"
          },
          "409": {
            "description": "Conflict"
          },
          "481": {
            "description": ""
          },
          "500": {
            "description": "Internal Server Error"
          }
        }
      },
      "delete": {
        "tags": [
          "ProgrammingLanguages"
        ],
        "summary": "Deletes a programming language by ID.",
        "description": "",
        "parameters": [
          {
            "name": "id",
            "in": "path",
            "required": true,
            "type": "string"
          }
        ],
        "responses": {
          "200": {
            "description": "OK"
          },
          "204": {
            "description": "No Content"
          },
          "400": {
            "description": "Bad Request"
          },
          "404": {
            "description": "Not Found"
          },
          "481": {
            "description": ""
          },
          "500": {
            "description": "Internal Server Error"
          }
        }
      }
    },
    "/name/{recipeName}": {
      "get": {
        "tags": [
          "Recipes"
        ],
        "summary": "Gets all recipes to match Name.",
        "description": "",
        "produces": [
          "application/json"
        ],
        "parameters": [
          {
            "name": "recipeName",
            "in": "path",
            "required": true,
            "type": "string",
            "description": "The name of the recipes to retrieve."
          }
        ],
        "responses": {
          "200": {
            "description": "OK"
          },
          "400": {
            "description": "Bad Request"
          },
          "500": {
            "description": "Internal Server Error"
          }
        }
      }
    },
    "/{bookId}": {
      "get": {
        "tags": [
          "FavoriteBooks"
        ],
        "description": "Get a favorite book by ID",
        "parameters": [
          {
            "name": "bookId",
            "in": "path",
            "required": true,
            "type": "string",
            "description": "Favorite Book ID"
          }
        ],
        "responses": {
          "200": {
            "description": "Favorite book retrieved successfully",
            "schema": {
              "$ref": "#/definitions/FavoriteBook"
            }
          },
          "400": {
            "description": "Invalid book ID format"
          },
          "404": {
            "description": "Book not found"
          }
        }
      },
      "put": {
        "tags": [
          "FavoriteBooks"
        ],
        "description": "Update an existing favorite book (Protected: requires OAuth login)",
        "parameters": [
          {
            "name": "bookId",
            "in": "path",
            "required": true,
            "type": "string",
            "description": "Favorite Book ID"
          },
          {
            "name": "body",
            "in": "body",
            "required": true,
            "schema": {
              "type": "object",
              "properties": {
                "title": {
                  "type": "string",
                  "example": "Updated Title"
                },
                "author": {
                  "type": "string",
                  "example": "Updated Author"
                },
                "year": {
                  "type": "number",
                  "example": 2022
                }
              }
            }
          }
        ],
        "responses": {
          "200": {
            "description": "Book updated successfully"
          },
          "400": {
            "description": "Validation error or bad ID"
          },
          "401": {
            "description": "Unauthorized — requires authentication"
          },
          "404": {
            "description": "Book not found"
          },
          "481": {
            "description": ""
          }
        },
        "security": [
          {
            "OAuth2": []
          }
        ]
      },
      "delete": {
        "tags": [
          "FavoriteBooks"
        ],
        "description": "Delete a favorite book by ID (Protected: requires OAuth login)",
        "parameters": [
          {
            "name": "bookId",
            "in": "path",
            "required": true,
            "type": "string",
            "description": "Favorite Book ID"
          }
        ],
        "responses": {
          "200": {
            "description": "Book deleted successfully"
          },
          "400": {
            "description": "Invalid ID format"
          },
          "401": {
            "description": "Unauthorized — requires authentication"
          },
          "404": {
            "description": "Book not found"
          },
          "481": {
            "description": ""
          }
        },
        "security": [
          {
            "OAuth2": []
          }
        ]
      }
    },
    "/createWithArray": {
      "post": {
        "tags": [
          "FavoriteBooks"
        ],
        "description": "Add multiple favorite books at once (Protected: requires OAuth login)",
        "parameters": [
          {
            "name": "body",
            "in": "body",
            "required": true,
            "schema": {
              "type": "array",
              "items": {
                "type": "object",
                "properties": {
                  "title": {
                    "type": "string",
                    "example": "Book 2"
                  },
                  "author": {
                    "type": "string",
                    "example": "Author 2"
                  },
                  "year": {
                    "type": "number",
                    "example": 2021
                  }
                }
              }
            }
          }
        ],
        "responses": {
          "201": {
            "description": "Books created successfully"
          },
          "400": {
            "description": "Validation error"
          },
          "401": {
            "description": "Unauthorized — requires authentication"
          },
          "481": {
            "description": ""
          }
        },
        "security": [
          {
            "OAuth2": []
          }
        ]
      }
    }
  },
  "definitions": {
    "FavoriteBook": {
      "type": "object",
      "properties": {
        "_id": {
          "type": "string",
          "example": "60d21b4667d0d8992e610c85"
        },
        "title": {
          "type": "string",
          "example": "Clean Code"
        },
        "author": {
          "type": "string",
          "example": "Robert C. Martin"
        },
        "year": {
          "type": "number",
          "example": 2008
        }
      }
    }
  },
  "security": [
    {
      "OAuth2": []
    }
  ]
}